"Epic","Feature","Story","FAILED","BROKEN","PASSED","SKIPPED","UNKNOWN"
"","","","0","9","15","0","0"
"","Login feature","","0","3","0","0","0"
"","Login feature","story_id: 001 - successful login test","0","0","1","0","0"
"","Account feature","story_id: 003 -  Account showcase test","0","0","1","0","0"
"","Login feature","story_id: 002 - invalid login test","0","1","0","0","0"
"","API Test","API-001: api test for create user functionality","1","0","0","0","0"
"","Account feature","story_id: 004 - logout","0","0","1","0","0"
"","Account feature","","0","1","0","0","0"
"","API Test","API-001: api test for update user functionality","1","0","0","0","0"
"","Database test","DBT-001: validation of Employee details","0","2","0","0","0"
